{"cameraMode":{"drawMode":0,"name":"Shaded","section":"Shading Mode"},"sceneLighting":false,"audioPlay":false,"sceneViewState":{"m_AlwaysRefresh":false,"showFog":true,"showSkybox":false,"showFlares":true,"showImageEffects":true,"showParticleSystems":true,"showVisualEffectGraphs":true,"m_FxEnabled":true},"in2DMode":false,"pivot":{"x":0.02811640501022339,"y":1.8599998950958253,"z":0.30627793073654177},"rotation":{"x":0.1434832364320755,"y":0.8495138883590698,"z":-0.4135022759437561,"w":0.29471737146377566},"size":2.189289093017578,"orthographic":false}