{"cameraMode":{"drawMode":0,"name":"Shaded","section":"Shading Mode"},"sceneLighting":false,"audioPlay":false,"sceneViewState":{"m_AlwaysRefresh":false,"showFog":true,"showSkybox":false,"showFlares":true,"showImageEffects":true,"showParticleSystems":true,"showVisualEffectGraphs":true,"m_FxEnabled":false},"in2DMode":false,"pivot":{"x":-0.9461046457290649,"y":0.6778527498245239,"z":-0.15480050444602967},"rotation":{"x":0.14335452020168305,"y":-0.045114558190107349,"z":0.006544357165694237,"w":0.988628625869751},"size":2.550621747970581,"orthographic":false}