{"cameraMode":{"drawMode":0,"name":"Shaded","section":"Shading Mode"},"sceneLighting":true,"audioPlay":false,"sceneViewState":{"m_AlwaysRefresh":false,"showFog":true,"showSkybox":false,"showFlares":true,"showImageEffects":true,"showParticleSystems":true,"showVisualEffectGraphs":true,"m_FxEnabled":true},"in2DMode":false,"pivot":{"x":1509.6298828125,"y":769.1055297851563,"z":4.04595947265625},"rotation":{"x":-0.030294736847281457,"y":0.017988789826631547,"z":-0.0005558860138989985,"w":-0.9993974566459656},"size":1021.0358276367188,"orthographic":false}