{"cameraMode":{"drawMode":0,"name":"Shaded","section":"Shading Mode"},"sceneLighting":true,"audioPlay":false,"sceneViewState":{"m_AlwaysRefresh":false,"showFog":true,"showSkybox":false,"showFlares":true,"showImageEffects":true,"showParticleSystems":true,"showVisualEffectGraphs":true,"m_FxEnabled":true},"in2DMode":false,"pivot":{"x":1685.9481201171875,"y":1300.947509765625,"z":42.69122314453125},"rotation":{"x":-0.030294736847281457,"y":0.017988789826631547,"z":-0.0005558860138989985,"w":-0.9993974566459656},"size":508.98114013671877,"orthographic":false}