{"cameraMode":{"drawMode":0,"name":"Shaded","section":"Shading Mode"},"sceneLighting":true,"audioPlay":false,"sceneViewState":{"m_AlwaysRefresh":false,"showFog":true,"showSkybox":false,"showFlares":true,"showImageEffects":true,"showParticleSystems":true,"showVisualEffectGraphs":true,"m_FxEnabled":true},"in2DMode":false,"pivot":{"x":-2.6289620399475099,"y":2.025844097137451,"z":0.31542015075683596},"rotation":{"x":-0.01718316040933132,"y":0.6979427933692932,"z":-0.01675226166844368,"w":-0.7157590985298157},"size":1.053917407989502,"orthographic":false}