{"cameraMode":{"drawMode":0,"name":"Shaded","section":"Shading Mode"},"sceneLighting":false,"audioPlay":false,"sceneViewState":{"m_AlwaysRefresh":false,"showFog":true,"showSkybox":false,"showFlares":true,"showImageEffects":true,"showParticleSystems":true,"showVisualEffectGraphs":true,"m_FxEnabled":false},"in2DMode":false,"pivot":{"x":2.43259596824646,"y":0.8355883955955505,"z":0.0009545087814331055},"rotation":{"x":0.02205698750913143,"y":-0.9774844646453857,"z":0.16276472806930543,"w":0.1324639618396759},"size":2.726858377456665,"orthographic":true}