{"cameraMode":{"drawMode":0,"name":"Shaded","section":"Shading Mode"},"sceneLighting":false,"audioPlay":false,"sceneViewState":{"m_AlwaysRefresh":false,"showFog":true,"showSkybox":false,"showFlares":true,"showImageEffects":true,"showParticleSystems":true,"showVisualEffectGraphs":true,"m_FxEnabled":false},"in2DMode":false,"pivot":{"x":0.18554502725601197,"y":1.0857253074645997,"z":0.5031887292861939},"rotation":{"x":0.04381145164370537,"y":-0.40729090571403506,"z":0.019565001130104066,"w":0.9120373725891113},"size":1.153090000152588,"orthographic":true}