{"cameraMode":{"drawMode":0,"name":"Shaded","section":"Shading Mode"},"sceneLighting":false,"audioPlay":false,"sceneViewState":{"m_AlwaysRefresh":false,"showFog":true,"showSkybox":false,"showFlares":true,"showImageEffects":true,"showParticleSystems":true,"showVisualEffectGraphs":true,"m_FxEnabled":true},"in2DMode":false,"pivot":{"x":-23.869998931884767,"y":2.4082751274108888,"z":-82.34527587890625},"rotation":{"x":0.1843372881412506,"y":-0.47842395305633547,"z":0.10347377508878708,"w":0.8523048758506775},"size":1.6048827171325684,"orthographic":false}